Name,Children,Parents,Role,Flow Behavior,Content Category,Notes,Batch,Ready
Badge,,"Accordion / Container,Accordion / Header,Avatar,Checkbox,Chips,Link,Radio,Tag,Toggle,Tooltip,Asset,Button Basic,Button Dropdown,Button Group,Button Icon,Code Editor / Text Area,Edit Mode / View,Edit Mode / Edit,Input Text,Input Date,Input Search,Input Number,Input Color,Input Datetime,Input Email,Input Password,Input Time,Input Telephone,Input URL,Multiselect,Select,Select Cascade,Text Area,Progress,Slider,Table / TD Text,Table / TD Link,Table / TD Boolean,Table / TD Tags,Table / TD Person,Table / TD Image,Table / TH Text,Tabs / Tab Item,Alert,Toast,Bottom Sheet,Flex Layout,Header,Hero,Modal,Side Panel,Side Panel Menu",Content,Hug,Primitive,,1,checked
Icon,,"Accordion / Container,Accordion / Header,Avatar,Button Inner,Checkbox,Chips,Link,Label,Radio,Tag,Toggle,Tooltip,Asset,Button Basic,Button Dropdown,Button Group,Button Icon,Code Editor / Text Area,Edit Mode / View,Edit Mode / Edit,Input Text,Input Date,Input Search,Input Number,Input Color,Input Datetime,Input Email,Input Password,Input Time,Input Telephone,Input URL,Multiselect,Select,Select Cascade,Text Area,Progress,Pull to Refresh,Slider,Table / TD Text,Table / TD Link,Table / TD Boolean,Table / TD Tags,Table / TD Person,Table / TD Image,Table / TH Text,Tabs / Tab Item,Alert,Toast,Bottom Sheet,Flex Layout,Header,Hero,Modal,Side Panel,Side Panel Menu,Breadcrumbs",Content,Fixed,Primitive,,1,checked
Image,,"Accordion / Container,Asset,Table / TD Text,Table / TD Link,Table / TD Boolean,Table / TD Tags,Table / TD Person,Table / TD Image,Table / TH Text,Alert,Toast,Bottom Sheet,Flex Layout,Header,Hero,Modal,Side Panel,Side Panel Menu",Content,"Fixed,Fill",Primitive,,2,
Indicator,,"Accordion / Container,Accordion / Header,Avatar,Chips,Link,Tag,Tooltip,Asset,Button Basic,Button Dropdown,Button Group,Button Icon,Code Editor / Text Area,Edit Mode / View,Edit Mode / Edit,Input Text,Input Date,Input Search,Input Number,Input Color,Input Datetime,Input Email,Input Password,Input Time,Input Telephone,Input URL,Multiselect,Select,Select Cascade,Text Area,Progress,Table / TD Text,Table / TD Link,Table / TD Boolean,Table / TD Tags,Table / TD Person,Table / TD Image,Table / TH Text,Tabs / Tab Item,Alert,Toast,Bottom Sheet,Flex Layout,Header,Hero,Modal,Side Panel,Side Panel Menu",Content,Fixed,Primitive,,1,checked
Label,Icon,"Accordion / Container,Checkbox,Radio,Toggle,Edit Mode / Edit,Input Text,Input Date,Input Search,Input Number,Input Color,Input Datetime,Input Email,Input Password,Input Time,Input Telephone,Input URL,Multiselect,Select,Select Cascade,Text Area,Bottom Sheet,Flex Layout,Header,Hero,Modal,Side Panel,Side Panel Menu",Trigger,"Hug,Fill",Primitive,,1,checked
Loader,,"Accordion / Container,Accordion / Header,Avatar,Button Inner,Checkbox,Chips,Link,Radio,Tag,Toggle,Tooltip,Asset,Button Basic,Button Dropdown,Button Group,Button Icon,Code Editor / Text Area,Edit Mode / View,Edit Mode / Edit,Input Text,Input Date,Input Search,Input Number,Input Color,Input Datetime,Input Email,Input Password,Input Time,Input Telephone,Input URL,Multiselect,Select,Select Cascade,Text Area,Progress,Pull to Refresh,Table / TD Text,Table / TD Link,Table / TD Boolean,Table / TD Tags,Table / TD Person,Table / TD Image,Table / TH Text,Tabs / Tab Item,Alert,Toast,Bottom Sheet,Flex Layout,Header,Hero,Modal,Side Panel,Side Panel Menu",Content,Fixed,Primitive,,1,checked
Button Inner,"Icon,Loader","Accordion / Header,Avatar,Chips,Tag,Tooltip,Asset,Code Editor / Text Area,Edit Mode / Edit,Input Text,Input Date,Input Search,Input Number,Input Color,Input Datetime,Input Email,Input Password,Input Time,Input Telephone,Input URL,Multiselect,Select,Select Cascade,Text Area,Progress,Pull to Refresh,Slider,Table / TD Text,Table / TD Link,Table / TD Boolean,Table / TD Tags,Table / TD Actions,Table / TD Expand,Table / TD Person,Table / TD Image,Table / TH Text,Alert,Toast,Bottom Sheet,Flex Layout,Header,Hero,Modal,Side Panel,Side Panel Menu",Trigger,Fixed,Element,,1,checked
Checkbox,"Label,Icon,Badge,Loader","Accordion / Container,Asset,Table / TD Checkbox,Table / TH Checkbox,Alert,Toast,Bottom Sheet,Flex Layout,Header,Hero,Modal,Side Panel,Side Panel Menu",Input,Hug,Element,,1,checked
Chips,"Icon,Button Inner,Indicator,Badge,Loader","Accordion / Container,Code Editor / Text Area,Edit Mode / Edit,Input Text,Input Date,Input Search,Input Number,Input Color,Input Datetime,Input Email,Input Password,Input Time,Input Telephone,Input URL,Multiselect,Select,Select Cascade,Text Area,Bottom Sheet,Flex Layout,Header,Hero,Modal,Side Panel,Side Panel Menu",Input,Hug,Element,,2,
Link,"Icon,Badge,Indicator,Loader","Accordion / Container,Input Text,Input Date,Input Search,Input Number,Input Color,Input Datetime,Input Email,Input Password,Input Time,Input Telephone,Input URL,Multiselect,Select,Select Cascade,Text Area,Table / TD Link,Alert,Toast,Bottom Sheet,Flex Layout,Header,Hero,Modal,Side Panel,Side Panel Menu,Breadcrumbs",Trigger,Hug,Element,,1,checked
Radio,"Label,Icon,Badge,Loader","Accordion / Container,Asset,Alert,Toast,Bottom Sheet,Flex Layout,Header,Hero,Modal,Side Panel,Side Panel Menu",Input,Hug,Element,,1,checked
Scrollbar,,"Accordion / Container,Code Editor / Text Area,Alert,Toast,Bottom Sheet,Flex Layout,Header,Hero,Modal,Side Panel,Side Panel Menu",Toolbar,Fixed,Element,,1,checked
Skeleton Loader,,"Accordion / Container,Bottom Sheet,Flex Layout,Header,Hero,Modal,Side Panel,Side Panel Menu",Content,,Element,,1,
Tag,"Icon,Button Inner,Badge,Indicator,Loader","Accordion / Container,Accordion / Header,Asset,Button Basic,Button Dropdown,Button Group,Button Icon,Code Editor / Text Area,Edit Mode / View,Edit Mode / Edit,Input Text,Input Date,Input Search,Input Number,Input Color,Input Datetime,Input Email,Input Password,Input Time,Input Telephone,Input URL,Multiselect,Select,Select Cascade,Text Area,Table / TD Tags,Tabs / Tab Item,Alert,Toast,Bottom Sheet,Flex Layout,Header,Hero,Modal,Side Panel,Side Panel Menu",Content,Hug,Element,,1,checked
Toggle,"Label,Icon,Badge,Loader","Accordion / Container,Accordion / Header,Table / TD Checkbox,Table / TH Checkbox,Alert,Toast,Bottom Sheet,Flex Layout,Header,Hero,Modal,Side Panel,Side Panel Menu",Trigger,Hug,Element,,1,checked
Tooltip,"Icon,Indicator,Badge,Button Inner,Loader",,Content,"Absolute,Hug",Element,,2,
Accordion / Header,"Badge,Button Inner,Icon,Indicator,Tag,Toggle,Avatar,Loader",Accordion,Trigger,Fill,Object,,1,checked
Accordion / Container,"Icon,Alert,Asset,Avatar,Badge,Breadcrumbs,Button Basic,Button Dropdown,Card,Button Icon,Button Group,Charts,Checkbox,Edit Mode / View,Data Info,Chips,Code Snippet,Event,Feature List,Flex Layout,Image,Indicator,Label,Video Player,Uploader,Tree,Input Text,Link,List,Logo,Metric,Multiselect,Pagination,Person,Audio Player,Progress,Queryfield,Radio,Scrollbar,Select,Select Cascade,Skeleton Loader,Slider,Steps,Switcher,Table,Tabs Horizontal,Tag,Text Area,Toggle,Edit Mode / Edit,Input Date,Input Search,Input Number,Input Color,Input Datetime,Input Email,Input Password,Input Time,Input Telephone,Input URL,Code Editor,Loader,Tabs Vertical",Accordion,Container,Fill,Object,,1,checked
Asset,"Avatar,Badge,Checkbox,Icon,Image,Indicator,Radio,Tag,Button Inner,Loader","Accordion / Container,Bottom Sheet,Flex Layout,Header,Hero,Modal,Side Panel,Side Panel Menu",Output,Fill,Object,,2,
Avatar,"Icon,Indicator,Badge,Button Inner,Loader","Accordion / Container,Accordion / Header,Asset,Button Basic,Button Dropdown,Button Group,Button Icon,Code Editor / Text Area,Edit Mode / View,Edit Mode / Edit,Input Text,Input Date,Input Search,Input Number,Input Color,Input Datetime,Input Email,Input Password,Input Time,Input Telephone,Input URL,Multiselect,Select,Select Cascade,Text Area,Table / TD Text,Table / TD Link,Table / TD Boolean,Table / TD Tags,Table / TD Person,Table / TD Image,Table / TH Text,Tabs / Tab Item,Alert,Toast,Bottom Sheet,Flex Layout,Header,Hero,Modal,Side Panel,Side Panel Menu",Content,Fixed,Object,,2,checked
Button Basic,"Badge,Avatar,Icon,Indicator,Tag,Loader","Accordion / Container,Alert,Toast,Bottom Sheet,Flex Layout,Header,Hero,Modal,Side Panel,Side Panel Menu",Trigger,Hug,Object,,1,checked
Button Dropdown,"Badge,Avatar,Icon,Indicator,Tag,Loader","Accordion / Container,Alert,Toast,Bottom Sheet,Flex Layout,Header,Hero,Modal,Side Panel,Side Panel Menu",Trigger,Hug,Object,,4,
Button Group,"Badge,Avatar,Icon,Indicator,Tag,Loader","Accordion / Container,Alert,Toast,Bottom Sheet,Flex Layout,Header,Hero,Modal,Side Panel,Side Panel Menu",Trigger,Hug,Object,,4,
Button Icon,"Badge,Avatar,Icon,Indicator,Tag,Loader","Accordion / Container,Alert,Toast,Bottom Sheet,Flex Layout,Header,Hero,Modal,Side Panel,Side Panel Menu",Trigger,Hug,Object,,1,checked
Code Editor / Text Area,"Badge,Avatar,Button Inner,Icon,Indicator,Scrollbar,Tag,Chips,Loader",Code Editor,Input,Fill,Object,,4,
Date Picker,,,Toolbar,"Absolute,Fixed",Object,,2,
Dropdown,,,Toolbar,"Fixed,Absolute",Object,,1,checked
Edit Mode / View,"Avatar,Icon,Indicator,Badge,Tag,Loader","Accordion / Container,Bottom Sheet,Flex Layout,Header,Hero,Modal,Side Panel,Side Panel Menu",Output,Hug,Object,,5,
Edit Mode / Edit,"Button Inner,Indicator,Icon,Badge,Avatar,Chips,Tag,Label,Loader","Accordion / Container,Bottom Sheet,Flex Layout,Header,Hero,Modal,Side Panel,Side Panel Menu",Input,Hug,Object,,5,
Input Text,"Avatar,Badge,Button Inner,Chips,Icon,Indicator,Label,Link,Tag,Loader","Accordion / Container,Alert,Toast,Bottom Sheet,Flex Layout,Header,Hero,Modal,Side Panel,Side Panel Menu",Input,Fill,Object,,1,checked
Input Date,"Avatar,Badge,Button Inner,Chips,Icon,Indicator,Label,Link,Tag,Loader","Accordion / Container,Alert,Toast,Bottom Sheet,Flex Layout,Header,Hero,Modal,Side Panel,Side Panel Menu",Input,Fill,Object,,1,checked
Input Search,"Avatar,Badge,Button Inner,Chips,Icon,Indicator,Label,Link,Tag,Loader","Accordion / Container,Alert,Toast,Bottom Sheet,Flex Layout,Header,Hero,Modal,Side Panel,Side Panel Menu",Input,Fill,Object,,1,checked
Input Number,"Avatar,Badge,Button Inner,Chips,Icon,Indicator,Label,Link,Tag,Loader","Accordion / Container,Alert,Toast,Bottom Sheet,Flex Layout,Header,Hero,Modal,Side Panel,Side Panel Menu",Input,Fill,Object,,1,checked
Input Color,"Avatar,Badge,Button Inner,Chips,Icon,Indicator,Label,Link,Tag,Loader","Accordion / Container,Alert,Toast,Bottom Sheet,Flex Layout,Header,Hero,Modal,Side Panel,Side Panel Menu",Input,Fill,Object,,2,
Input Datetime,"Avatar,Badge,Button Inner,Chips,Icon,Indicator,Label,Link,Tag,Loader","Accordion / Container,Alert,Toast,Bottom Sheet,Flex Layout,Header,Hero,Modal,Side Panel,Side Panel Menu",Input,Fill,Object,,3,
Input Email,"Avatar,Badge,Button Inner,Chips,Icon,Indicator,Label,Link,Tag,Loader","Accordion / Container,Alert,Toast,Bottom Sheet,Flex Layout,Header,Hero,Modal,Side Panel,Side Panel Menu",Input,Fill,Object,,3,
Input Password,"Avatar,Badge,Button Inner,Chips,Icon,Indicator,Label,Link,Tag,Loader","Accordion / Container,Alert,Toast,Bottom Sheet,Flex Layout,Header,Hero,Modal,Side Panel,Side Panel Menu",Input,Fill,Object,,3,
Input Time,"Avatar,Badge,Button Inner,Chips,Icon,Indicator,Label,Link,Tag,Loader","Accordion / Container,Alert,Toast,Bottom Sheet,Flex Layout,Header,Hero,Modal,Side Panel,Side Panel Menu",Input,Fill,Object,,3,
Input Telephone,"Avatar,Badge,Button Inner,Chips,Icon,Indicator,Label,Link,Tag,Loader","Accordion / Container,Alert,Toast,Bottom Sheet,Flex Layout,Header,Hero,Modal,Side Panel,Side Panel Menu",Input,Fill,Object,,3,
Input URL,"Avatar,Badge,Button Inner,Chips,Icon,Indicator,Label,Link,Tag,Loader","Accordion / Container,Alert,Toast,Bottom Sheet,Flex Layout,Header,Hero,Modal,Side Panel,Side Panel Menu",Input,Fill,Object,,3,
Logo,,"Accordion / Container,Bottom Sheet,Flex Layout,Header,Hero,Modal,Side Panel,Side Panel Menu",Content,Fill,Object,,2,
Multiselect,"Avatar,Badge,Button Inner,Chips,Icon,Indicator,Label,Link,Tag,Loader","Accordion / Container,Alert,Toast,Bottom Sheet,Flex Layout,Header,Hero,Modal,Side Panel,Side Panel Menu",Input,Fill,Object,,2,
Progress,"Badge,Button Inner,Icon,Indicator,Loader","Accordion / Container,Alert,Toast,Bottom Sheet,Flex Layout,Header,Hero,Modal,Side Panel,Side Panel Menu",Content,Fill,Object,,2,
Pull to Refresh,"Icon,Button Inner,Loader",,Output,"Fill,Absolute",Object,,7,
Select,"Avatar,Badge,Button Inner,Chips,Icon,Indicator,Label,Link,Tag,Loader","Accordion / Container,Alert,Toast,Bottom Sheet,Flex Layout,Header,Hero,Modal,Side Panel,Side Panel Menu",Input,Fill,Object,,1,checked
Select Cascade,"Avatar,Badge,Button Inner,Chips,Icon,Indicator,Label,Link,Tag,Loader","Accordion / Container,Bottom Sheet,Flex Layout,Header,Hero,Modal,Side Panel,Side Panel Menu",Input,Fill,Object,,3,
Slider,"Badge,Icon,Button Inner","Accordion / Container,Alert,Toast,Bottom Sheet,Flex Layout,Header,Hero,Modal,Side Panel,Side Panel Menu",Input,Fill,Object,,2,
Table / TD Text,"Badge,Avatar,Button Inner,Icon,Image,Indicator,Loader",Table,Output,Fill,Object,,1,checked
Table / TD Link,"Badge,Avatar,Button Inner,Icon,Image,Indicator,Loader,Link",Table,Output,Fill,Object,,1,checked
Table / TD Boolean,"Badge,Avatar,Button Inner,Icon,Image,Indicator,Loader",Table,Output,Fill,Object,,2,
Table / TD Tags,"Badge,Avatar,Button Inner,Icon,Image,Indicator,Loader,Tag",Table,Output,Fill,Object,,2,
Table / TD Actions,Button Inner,Table,Output,Fill,Object,,1,checked
Table / TD Expand,Button Inner,Table,Output,Fill,Object,,1,checked
Table / TD Checkbox,"Checkbox,Toggle",Table,Output,Fill,Object,,1,checked
Table / TD Person,"Badge,Avatar,Button Inner,Icon,Image,Indicator,Loader",Table,Output,Fill,Object,,3,
Table / TD Image,"Badge,Avatar,Button Inner,Icon,Image,Indicator,Loader",Table,Output,Fill,Object,,3,
Table / TH Text,"Badge,Avatar,Button Inner,Icon,Image,Indicator,Loader",Table,Output,Fill,Object,,1,checked
Table / TH Checkbox,"Checkbox,Toggle",Table,Output,Fill,Object,,1,checked
Tabs / Tab Item,"Badge,Avatar,Icon,Indicator,Tag,Loader","Tabs Horizontal,Tabs Vertical",Trigger,Fill,Object,,1,checked
Text Area,"Avatar,Badge,Button Inner,Chips,Icon,Indicator,Label,Link,Tag,Loader","Accordion / Container,Alert,Toast,Bottom Sheet,Flex Layout,Header,Hero,Modal,Side Panel,Side Panel Menu",Input,Fill,Object,,1,checked
Accordion,"Accordion / Container,Accordion / Header","Bottom Sheet,Flex Layout,Header,Hero,Modal,Side Panel,Side Panel Menu",Toolbar,Fill,Widget,,1,checked
Alert,"Avatar,Badge,Button Basic,Button Inner,Button Dropdown,Button Group,Button Icon,Checkbox,Code Snippet,Icon,Image,Indicator,Input Text,Input Date,Input Search,Input Number,Input Color,Input Datetime,Input Email,Input Password,Input Time,Input Telephone,Input URL,Link,List,Multiselect,Person,Tag,Text Area,Loader,Tree,Toggle,Radio,Slider,Select,Scrollbar,Progress","Accordion / Container,Bottom Sheet,Flex Layout,Header,Hero,Modal,Side Panel,Side Panel Menu",Output,Fill,Widget,,1,checked
Breadcrumbs,"Link,Icon","Accordion / Container,Bottom Sheet,Flex Layout,Header,Hero,Modal,Side Panel,Side Panel Menu",Toolbar,Fill,Widget,,1,checked
Card,,"Accordion / Container,Bottom Sheet,Flex Layout,Header,Hero,Modal,Side Panel,Side Panel Menu",Content,Fill,Widget,,4,
Carousel,,"Bottom Sheet,Flex Layout,Header,Hero,Modal,Side Panel,Side Panel Menu",Container,Fill,Widget,,6,
Charts,,"Accordion / Container,Bottom Sheet,Flex Layout,Header,Hero,Modal,Side Panel,Side Panel Menu",Container,Fill,Widget,,6,
Code Editor,"Code Editor / Toolbar,Code Editor / Text Area","Accordion / Container,Bottom Sheet,Flex Layout,Header,Hero,Modal,Side Panel,Side Panel Menu",Toolbar,Fill,Widget,,4,
Code Editor / Toolbar,,Code Editor,Toolbar,Fill,Widget,,4,
Code Snippet,,"Accordion / Container,Alert,Toast,Bottom Sheet,Flex Layout,Header,Hero,Modal,Side Panel,Side Panel Menu",Output,Fill,Widget,,3,
Data Info,,"Accordion / Container,Bottom Sheet,Flex Layout,Header,Hero,Modal,Side Panel,Side Panel Menu",Content,Fill,Widget,,2,
Event,,"Accordion / Container,Bottom Sheet,Flex Layout,Header,Hero,Modal,Side Panel,Side Panel Menu",Content,Fill,Widget,,5,
Feature List,,"Accordion / Container,Bottom Sheet,Flex Layout,Header,Hero,Modal,Side Panel,Side Panel Menu",Content,Fill,Widget,,6,
List,,"Accordion / Container,Alert,Toast,Bottom Sheet,Flex Layout,Header,Hero,Modal,Side Panel,Side Panel Menu",Content,Fill,Widget,,4,
Metric,,"Accordion / Container,Bottom Sheet,Flex Layout,Header,Hero,Modal,Side Panel,Side Panel Menu",Content,Fill,Widget,,5,
Pagination,,"Accordion / Container,Bottom Sheet,Flex Layout,Header,Hero,Modal,Side Panel,Side Panel Menu",Toolbar,Fill,Widget,,1,checked
Person,,"Accordion / Container,Alert,Toast,Bottom Sheet,Flex Layout,Header,Hero,Modal,Side Panel,Side Panel Menu",Content,Fill,Widget,,5,
Audio Player,,"Accordion / Container,Bottom Sheet,Flex Layout,Header,Hero,Modal,Side Panel,Side Panel Menu",Toolbar,Fill,Widget,,6,
Popover,,,Output,"Fixed,Absolute",Widget,,2,
Queryfield,,"Accordion / Container,Bottom Sheet,Flex Layout,Header,Hero,Modal,Side Panel,Side Panel Menu",Input,Fill,Widget,,4,
Steps,,"Accordion / Container,Bottom Sheet,Flex Layout,Header,Hero,Modal,Side Panel,Side Panel Menu",Toolbar,Fill,Widget,,3,
Switcher,,"Accordion / Container,Bottom Sheet,Flex Layout,Header,Hero,Modal,Side Panel,Side Panel Menu",Toolbar,Hug,Widget,,1,checked
Table Toolbar,,"Bottom Sheet,Flex Layout,Header,Hero,Modal,Side Panel,Side Panel Menu",Toolbar,Fill,Widget,,3,
Tabs Horizontal,Tabs / Tab Item,"Accordion / Container,Bottom Sheet,Flex Layout,Header,Hero,Modal,Side Panel,Side Panel Menu",Toolbar,Fill,Widget,,1,checked
Tabs Vertical,Tabs / Tab Item,"Accordion / Container,Bottom Sheet,Flex Layout,Header,Hero,Modal,Side Panel,Side Panel Menu",Toolbar,Fill,Widget,,2,
Toast,"Avatar,Badge,Button Basic,Button Inner,Button Dropdown,Button Group,Button Icon,Checkbox,Code Snippet,Icon,Image,Indicator,Input Text,Input Date,Input Search,Input Number,Input Color,Input Datetime,Input Email,Input Password,Input Time,Input Telephone,Input URL,Link,List,Multiselect,Person,Tag,Text Area,Loader,Tree,Toggle,Radio,Slider,Select,Scrollbar,Progress",,Output,"Fixed,Absolute",Widget,,2,
Tree,,"Accordion / Container,Alert,Toast,Bottom Sheet,Flex Layout,Header,Hero,Modal,Side Panel,Side Panel Menu",Content,Fill,Widget,,4,
Uploader,,"Accordion / Container,Bottom Sheet,Flex Layout,Header,Hero,Modal,Side Panel,Side Panel Menu",Input,Fill,Widget,,2,
Video Player,,"Accordion / Container,Bottom Sheet,Flex Layout,Header,Hero,Modal,Side Panel,Side Panel Menu",Toolbar,Fill,Widget,,6,
Bottom Sheet,"Accordion,Alert,Asset,Avatar,Badge,Breadcrumbs,Button Basic,Button Dropdown,Button Group,Button Icon,Button Inner,Card,Carousel,Charts,Checkbox,Chips,Code Editor,Code Snippet,Data Info,Edit Mode / View,Edit Mode / Edit,Event,Feature List,Flex Layout,Icon,Image,Indicator,Input Text,Input Date,Input Search,Input Number,Input Color,Input Datetime,Input Email,Input Password,Input Time,Input Telephone,Input URL,Link,Pagination,Label,List,Logo,Loader,Slider,Metric,Person,Select,Select Cascade,Multiselect,Audio Player,Progress,Queryfield,Radio,Toggle,Switcher,Scrollbar,Skeleton Loader,Table Toolbar,Table,Steps,Tabs Horizontal,Tag,Video Player,Uploader,Tree,Text Area,Tabs Vertical",,Container,"Fill,Absolute",Layout,,7,
Flex Layout,"Accordion,Alert,Asset,Avatar,Badge,Breadcrumbs,Button Basic,Button Dropdown,Button Group,Button Icon,Button Inner,Card,Carousel,Charts,Checkbox,Chips,Code Editor,Code Snippet,Data Info,Edit Mode / View,Edit Mode / Edit,Event,Feature List,Flex Layout,Icon,Image,Indicator,Input Text,Input Date,Input Search,Input Number,Input Color,Input Datetime,Input Email,Input Password,Input Time,Input Telephone,Input URL,Link,Pagination,Label,List,Logo,Loader,Slider,Metric,Person,Select,Select Cascade,Multiselect,Audio Player,Progress,Queryfield,Radio,Toggle,Switcher,Scrollbar,Skeleton Loader,Table Toolbar,Table,Steps,Tabs Horizontal,Tag,Video Player,Uploader,Tree,Text Area,Tabs Vertical","Accordion / Container,Bottom Sheet,Flex Layout,Header,Hero,Modal,Side Panel,Side Panel Menu",Container,Fill,Layout,,5,
Header,"Accordion,Alert,Asset,Avatar,Badge,Breadcrumbs,Button Basic,Button Dropdown,Button Group,Button Icon,Button Inner,Card,Carousel,Charts,Checkbox,Chips,Code Editor,Code Snippet,Data Info,Edit Mode / View,Edit Mode / Edit,Event,Feature List,Flex Layout,Icon,Image,Indicator,Input Text,Input Date,Input Search,Input Number,Input Color,Input Datetime,Input Email,Input Password,Input Time,Input Telephone,Input URL,Link,Pagination,Label,List,Logo,Loader,Slider,Metric,Person,Select,Select Cascade,Multiselect,Audio Player,Progress,Queryfield,Radio,Toggle,Switcher,Scrollbar,Skeleton Loader,Table Toolbar,Table,Steps,Tabs Horizontal,Tag,Video Player,Uploader,Tree,Text Area,Tabs Vertical",,Container,Fill,Layout,,6,
Hero,"Accordion,Alert,Asset,Avatar,Badge,Breadcrumbs,Button Basic,Button Dropdown,Button Group,Button Icon,Button Inner,Card,Carousel,Charts,Checkbox,Chips,Code Editor,Code Snippet,Data Info,Edit Mode / View,Edit Mode / Edit,Event,Feature List,Flex Layout,Icon,Image,Indicator,Input Text,Input Date,Input Search,Input Number,Input Color,Input Datetime,Input Email,Input Password,Input Time,Input Telephone,Input URL,Link,Pagination,Label,List,Logo,Loader,Slider,Metric,Person,Select,Select Cascade,Multiselect,Audio Player,Progress,Queryfield,Radio,Toggle,Switcher,Scrollbar,Skeleton Loader,Table Toolbar,Table,Steps,Tabs Horizontal,Tag,Video Player,Uploader,Tree,Text Area,Tabs Vertical",,Container,Fill,Layout,,6,
Modal,"Accordion,Alert,Asset,Avatar,Badge,Breadcrumbs,Button Basic,Button Dropdown,Button Group,Button Icon,Button Inner,Card,Carousel,Charts,Checkbox,Chips,Code Editor,Code Snippet,Data Info,Edit Mode / View,Edit Mode / Edit,Event,Feature List,Flex Layout,Icon,Image,Indicator,Input Text,Input Date,Input Search,Input Number,Input Color,Input Datetime,Input Email,Input Password,Input Time,Input Telephone,Input URL,Link,Pagination,Label,List,Logo,Loader,Slider,Metric,Person,Select,Select Cascade,Multiselect,Audio Player,Progress,Queryfield,Radio,Toggle,Switcher,Scrollbar,Skeleton Loader,Table Toolbar,Table,Steps,Tabs Horizontal,Tag,Video Player,Uploader,Tree,Text Area,Tabs Vertical",,Container,"Fixed,Absolute",Layout,,1,checked
Side Panel,"Accordion,Alert,Asset,Avatar,Badge,Breadcrumbs,Button Basic,Button Dropdown,Button Group,Button Icon,Button Inner,Card,Carousel,Charts,Checkbox,Chips,Code Editor,Code Snippet,Data Info,Edit Mode / View,Edit Mode / Edit,Event,Feature List,Flex Layout,Icon,Image,Indicator,Input Text,Input Date,Input Search,Input Number,Input Color,Input Datetime,Input Email,Input Password,Input Time,Input Telephone,Input URL,Link,Pagination,Label,List,Logo,Loader,Slider,Metric,Person,Select,Select Cascade,Multiselect,Audio Player,Progress,Queryfield,Radio,Toggle,Switcher,Scrollbar,Skeleton Loader,Table Toolbar,Table,Steps,Tabs Horizontal,Tag,Video Player,Uploader,Tree,Text Area,Tabs Vertical",,Container,"Fixed,Absolute",Layout,,2,
Side Panel Menu,"Accordion,Alert,Asset,Avatar,Badge,Breadcrumbs,Button Basic,Button Dropdown,Button Group,Button Icon,Button Inner,Card,Carousel,Charts,Checkbox,Chips,Code Editor,Code Snippet,Data Info,Edit Mode / View,Edit Mode / Edit,Event,Feature List,Flex Layout,Icon,Image,Indicator,Input Text,Input Date,Input Search,Input Number,Input Color,Input Datetime,Input Email,Input Password,Input Time,Input Telephone,Input URL,Link,Pagination,Label,List,Logo,Loader,Slider,Metric,Person,Select,Select Cascade,Multiselect,Audio Player,Progress,Queryfield,Radio,Toggle,Switcher,Scrollbar,Skeleton Loader,Table Toolbar,Table,Steps,Tabs Horizontal,Tag,Video Player,Uploader,Tree,Text Area,Tabs Vertical",,Toolbar,Fixed,Layout,,6,
Table,"Table / TD Text,Table / TD Link,Table / TD Boolean,Table / TD Tags,Table / TD Actions,Table / TD Expand,Table / TD Checkbox,Table / TD Person,Table / TD Image,Table / TH Text,Table / TH Checkbox","Accordion / Container,Bottom Sheet,Flex Layout,Header,Hero,Modal,Side Panel,Side Panel Menu",Container,Fill,Layout,,1,